	job_file	run_name	encoder_path	decoder_path	test_only_ckpt	num_test_samples	dataset	split_file	spec_features	mol_features	merge	model_type	diffusion_steps	n_layers	n_epochs	batch_size	eval_batch_size	lr	seed	test/NLL	test/X_KL	test/E_KL	test/E_CE	test/validity	test/acc_at_1	test/acc_at_5	test/acc_at_10	test/tanimoto_at_1	test/tanimoto_at_5	test/tanimoto_at_10	total_runtime_s
39	17762905_0	dev	1/encoder.pt	pretrain/decoder58.pt		16384.0	msg_neims	msg_neims/split.tsv	peakformula	fingerprint	downproject_4096	graph_tf	500.0	5.0	100.0	128.0	512.0	0.0002	42.0	340.95751953125	0.0792995765805244	0.591533362865448	0.1511961668729782	0.7118491530418396	0.0	0.0	0.0	0.1478887349367141	0.1919547319412231	0.1996254920959472	38957.0
37	17762822_0	dev	1/encoder.pt	1/decoder.pt		16384.0	msg_neims	msg_neims/split.tsv	peakformula	fingerprint	downproject_4096	graph_tf	500.0	5.0	100.0	128.0	512.0	0.0002	42.0	331.5321655273437	0.0782726779580116	0.5738116502761841	0.1507021784782409	0.698965311050415	0.0003337783855386	0.0003337783855386	0.0003337783855386	0.1476196497678756	0.1930232048034668	0.2004008144140243	37558.0
15	17234625_0	dev	2_new/decoder.pt	2_new/decoder.pt		16384.0	atmomaccs	atmomaccs/split.tsv	peakformula	fingerprint	downproject_4096	graph_tf	500.0	5.0	0.0	128.0	1024.0	0.0002	42.0	127.05631256103516	0.0279194358736276	0.1753591299057006	0.4248976409435272	0.7270604372024536	0.0130077833309769	0.0361445769667625	0.0446742735803127	0.1438055336475372	0.2152968049049377	0.2324940413236618	61550.0
16	17246561_0	dev	2_new/encoder.pt	2_new/decoder.pt		16384.0	atmomaccs	atmomaccs/split.tsv	peakformula	fingerprint	downproject_4096	graph_tf	500.0	5.0	0.0	128.0	1024.0	0.0002	42.0	131.08245849609375	0.0283273793756961	0.1795550882816314	0.4504430294036865	0.7975903749465942	0.0145004801452159	0.0423286072909832	0.0502185747027397	0.1547194719314575	0.2250289618968963	0.2410822808742523	61590.0
31	17713374_0	dev	1_new/encoder.pt	1_new/encoder.pt		16384.0	neims	neims/split.tsv	peakformula	fingerprint	downproject_4096	graph_tf	500.0	5.0	100.0	128.0	1024.0	0.0002	42.0	123.94412994384766	0.0431768968701362	0.197077676653862	0.1947597414255142	0.8875793218612671	0.01458740234375	0.04638671875	0.06951904296875	0.3360170125961303	0.4408519864082336	0.4809860587120056	43390.0
30	17647015_0	dev	1_new/encoder.pt	pretrain/decoder.pt		16384.0	gecko_atmomaccs	gecko_atmomaccs/split.tsv	peakformula	fingerprint	downproject_4096	graph_tf	500.0	5.0	50.0	128.0	1024.0	0.0002	42.0	112.73214721679688	0.0282444264739751	0.1607171446084976	0.4053570628166199	0.7305148243904114	0.0179586950689554	0.048039510846138	0.058665070682764	0.1791076213121414	0.2506280541419983	0.2702710628509521	56193.0
29	17646811_0	dev	1_new/encoder.pt	pretrain/decoder.pt		16384.0	gecko_atmomaccs	gecko_atmomaccs/split.tsv	peakformula	fingerprint	downproject_4096	graph_tf	500.0	5.0	100.0	128.0	1024.0	0.0002	42.0	133.8120880126953	0.02873195707798	0.1798056811094284	0.4959206581115722	0.7288386821746826	0.0212511215358972	0.0544747076928615	0.0677940770983696	0.1739902794361114	0.2455790340900421	0.2656243443489074	71474.0
58	17928382_0	dev	e2e_pretrained/encoder.pt	e2e_pretrained/decoder.pt		16384.0	gecko_atmomaccs	gecko_atmomaccs/split.tsv	peakformula	fingerprint	downproject_4096	graph_tf	500.0	5.0	50.0	256.0	256.0	0.0002	42.0	127.36441040039062	0.0288117360323667	0.1848028600215912	0.3864520490169525	0.7952708601951599	0.0218497458845376	0.0559712648391723	0.0670457929372787	0.1826225370168686	0.2599179744720459	0.2795874774456024	44297.0
67	17959653_0	dev	final/encoder.pt	final/decoder.pt		16384.0	gecko_new	gecko_new/split_random.tsv	peakformula	fingerprint	downproject_4096	graph_tf	500.0	5.0	50.0	256.0	1024.0	0.0002	42.0	123.01111602783205	0.0435060337185859	0.1948945373296737	0.191863402724266	0.953601062297821	0.0230712890625	0.06719970703125	0.1041259765625	0.3575962781906128	0.4700777530670166	0.5211020112037659	31937.0
63	17942563_0	dev	final/encoder.pt	final/decoder.pt		16384.0	gecko_atmomaccs	gecko_atmomaccs/split.tsv	peakformula	fingerprint	downproject_4096	graph_tf	500.0	5.0	100.0	64.0	256.0	0.0002	42.0	143.66810607910156	0.0290334112942218	0.1926575750112533	0.4150870740413666	0.7030978798866272	0.0233463030308485	0.0553726442158222	0.065249927341938	0.1764059215784073	0.2420552521944046	0.2580580711364746	60910.0
64	17947206_0	dev	final/encoder.pt	final/decoder.pt	mixed_encoder/epoch=100.ckpt	16384.0	mixed_atmomaccs	mixed_atmomaccs/split_random.tsv	peakformula	fingerprint	downproject_4096	graph_tf	500.0	5.0	100.0	64.0	1024.0	0.0002	42.0	89.58592224121094	0.0280381925404071	0.1357087194919586	0.2660387754440307	0.9271727800369264	0.0241123475134372	0.0594859570264816	0.0808161124587059	0.1731248497962951	0.2779023945331573	0.317825436592102	49677.0
60	17932439_0	dev	e2e_pretrained/encoder.pt	e2e_pretrained/decoder.pt		16384.0	gecko_atmomaccs	gecko_atmomaccs/split.tsv	peakformula	fingerprint	downproject_4096	graph_tf	500.0	5.0	50.0	256.0	256.0	0.0002	42.0	120.19119262695312	0.0284553915262222	0.1762292087078094	0.3791197538375854	0.7762945294380188	0.0264890752732753	0.0688416659832	0.0808141306042671	0.1912671774625778	0.2738015055656433	0.2934924960136413	44491.0
65	17959154_0	dev	final/encoder.pt	final/decoder.pt		16384.0	gecko_new_atmomaccs	gecko_new_atmomaccs/split_random.tsv	peakformula	fingerprint	downproject_4096	graph_tf	500.0	5.0	50.0	256.0	1024.0	0.0002	42.0	142.12081909179688	0.0275906715542078	0.1922654509544372	0.4893101155757904	0.8269210457801819	0.035638578236103	0.0810810774564743	0.1036036014556884	0.1925713866949081	0.2776687443256378	0.3052186369895935	59343.0
72	18008830_0	dev	2_new/encoder.pt	2_new/decoder.pt	2_new/final.ckpt	16384.0	gecko_new_atmomaccs	gecko_new_atmomaccs/split_random.tsv	peakformula	fingerprint	downproject_4096	graph_tf	500.0	5.0	50.0	256.0	1024.0	0.0002	42.0	132.04541015625	0.0274077765643596	0.1793357282876968	0.4029501676559448	0.776603102684021	0.0463698990643024	0.1045310050249099	0.1237413883209228	0.2110766172409057	0.2977500557899475	0.3207115530967712	49645.0
71	17975902_0	dev	final/encoder.pt	gecko_new_ft/decoder.pt		16384.0	gecko_new	gecko_new/split_random.tsv	peakformula	fingerprint	downproject_4096	graph_tf	500.0	5.0	50.0	256.0	1024.0	0.0002	42.0	121.1997528076172	0.0435747988522052	0.1911558359861374	0.190496951341629	0.961932361125946	0.04638671875	0.11468505859375	0.17144775390625	0.3927799463272095	0.5148545503616333	0.5727728009223938	31215.0
32	17736025_0	dev	1_new/encoder.pt	1_new/decoder.pt		16384.0	neims	neims/split.tsv	peakformula	fingerprint	downproject_4096	graph_tf	500.0	5.0	100.0	128.0	1024.0	0.0002	42.0	119.60470581054688	0.0432249754667282	0.1883215010166168	0.1920621842145919	0.962963879108429	0.049072265625	0.125732421875	0.18902587890625	0.3994329571723938	0.5244581699371338	0.5853745937347412	44289.0
13	17212494_0	dev	1_new/encoder.pt	1_new/decoder.pt		16384.0	neims	neims/split.tsv	peakformula	fingerprint	downproject_4096	graph_tf	500.0	5.0	100.0	128.0	1024.0	0.0002	42.0	117.21936798095705	0.0434123277664184	0.1854986697435379	0.1907756179571151	0.9655090570449828	0.0543212890625	0.13922119140625	0.202392578125	0.4041692316532135	0.5325989723205566	0.5934109687805176	53558.0
34	17752503_0	dev				16384.0	msg_neims	msg_neims/split.tsv	peakformula	fingerprint	downproject_4096	graph_tf	500.0	5.0	100.0	512.0	1024.0	0.0002	42.0	178.5181884765625	0.0770933404564857	0.268949419260025	0.1381825953722	0.5994325876235962	0.1608811765909195	0.2406542003154754	0.25	0.4120687246322632	0.4993541240692138	0.5090826749801636	46936.0
24	17398693_0	dev			dev/epoch=95.ckpt	16384.0	gecko_atmomaccs	gecko_atmomaccs/split.tsv	peakformula	fingerprint	downproject_4096	graph_tf	500.0	5.0	100.0	512.0	1024.0	0.0002	42.0	95.32072448730467	0.027721133083105	0.1313976943492889	0.2488973438739776	0.6419697403907776	0.3777877688407898	0.4654991626739502	0.4747792184352875	0.5223333239555359	0.6009088158607483	0.6087988615036011	27590.0
27	17442894_0	dev			pretrain_resume/last-v3.ckpt	16384.0	gecko_atmomaccs	gecko_atmomaccs/split.tsv	peakformula	fingerprint	downproject_4096	graph_tf	500.0	5.0	100.0	512.0	1024.0	0.0002	42.0	68.24409484863281	0.0285169929265975	0.0930263176560401	0.2024721652269363	0.8713067173957825	0.7148630619049072	0.805118978023529	0.8230803608894348	0.8224989771842957	0.8841183185577393	0.8947951197624207	27186.0
10	17204472_0	dev				16384.0	neims	neims/split.tsv	peakformula	fingerprint	downproject_4096	graph_tf	500.0	5.0	100.0	512.0	1024.0	0.0002	42.0	103.62679290771484	0.043312944471836	0.1584285199642181	0.1834790557622909	0.928881824016571	0.72296142578125	0.92669677734375	0.94732666015625	0.8974902629852295	0.9763407111167908	0.9842550158500672	32999.0
73	18009828_0	dev			pretrain/epoch=58.ckpt	16384.0	mixed_atmomaccs	mixed_atmomaccs/split_random.tsv	peakformula	fingerprint	downproject_4096	graph_tf	500.0	5.0	100.0	512.0	1024.0	0.0002	42.0	66.35236358642578	0.0280444640666246	0.0897496789693832	0.2012828141450882	0.8984711766242981	0.7242754697799683	0.8242488503456116	0.842063307762146	0.840610146522522	0.9073472023010254	0.9182485342025756	28502.0
69	17973630_0	dev				16384.0	gecko_new	gecko_new/split_random.tsv	peakformula	fingerprint	downproject_4096	graph_tf	500.0	5.0	100.0	512.0	1024.0	0.0002	42.0	105.7138900756836	0.0436275899410247	0.1601808816194534	0.183040976524353	0.946069359779358	0.7662353515625	0.95123291015625	0.965576171875	0.9180377125740052	0.9819920659065248	0.986821711063385	33907.0
